{
    "file_path": "python_service/analyzer.py",
    "content": "from abc import ABC\nfrom abc import abstractmethod\nfrom decimal import Decimal\nfrom pathlib import Path\nfrom typing import Any\nfrom typing import Dict\nfrom typing import List\nfrom typing import Optional\nfrom typing import Type\n\nimport structlog\n\nfrom python_service.models import Race\nfrom python_service.models import Runner\n\ntry:\n    # winsound is a built-in Windows library\n    import winsound\nexcept ImportError:\n    winsound = None\ntry:\n    from win10toast_py3 import ToastNotifier\nexcept (ImportError, RuntimeError):\n    # Fails gracefully on non-Windows systems\n    ToastNotifier = None\n\nlog = structlog.get_logger(__name__)\n\n\ndef _get_best_win_odds(runner: Runner) -> Optional[Decimal]:\n    \"\"\"Gets the best win odds for a runner, filtering out invalid or placeholder values.\"\"\"\n    if not runner.odds:\n        return None\n\n    # Filter out invalid or placeholder odds (e.g., > 999)\n    valid_odds = [o.win for o in runner.odds.values() if o.win is not None and o.win > 0 and o.win < 999]\n\n    if not valid_odds:\n        return None\n\n    return min(valid_odds)\n\n\nclass BaseAnalyzer(ABC):\n    \"\"\"The abstract interface for all future analyzer plugins.\"\"\"\n\n    def __init__(self, **kwargs):\n        pass\n\n    @abstractmethod\n    def qualify_races(self, races: List[Race]) -> Dict[str, Any]:\n        \"\"\"The core method every analyzer must implement.\"\"\"\n        pass\n\n\nclass TrifectaAnalyzer(BaseAnalyzer):\n    \"\"\"Analyzes races and assigns a qualification score based on the 'Trifecta of Factors'.\"\"\"\n\n    @property\n    def name(self) -> str:\n        return \"trifecta_analyzer\"\n\n    def __init__(\n        self,\n        max_field_size: int = 10,\n        min_favorite_odds: float = 2.5,\n        min_second_favorite_odds: float = 4.0,\n    ):\n        self.max_field_size = max_field_size\n        self.min_favorite_odds = Decimal(str(min_favorite_odds))\n        self.min_second_favorite_odds = Decimal(str(min_second_favorite_odds))\n        self.notifier = RaceNotifier()\n\n    def is_race_qualified(self, race: Race) -> bool:\n        \"\"\"A race is qualified for a trifecta if it has at least 3 non-scratched runners.\"\"\"\n        if not race or not race.runners:\n            return False\n\n        active_runners = sum(1 for r in race.runners if not r.scratched)\n        return active_runners >= 3\n\n    def qualify_races(self, races: List[Race]) -> Dict[str, Any]:\n        \"\"\"Scores all races and returns a dictionary with criteria and a sorted list.\"\"\"\n        qualified_races = []\n        for race in races:\n            score = self._evaluate_race(race)\n            if score > 0:\n                race.qualification_score = score\n                qualified_races.append(race)\n\n        qualified_races.sort(key=lambda r: r.qualification_score, reverse=True)\n\n        criteria = {\n            \"max_field_size\": self.max_field_size,\n            \"min_favorite_odds\": float(self.min_favorite_odds),\n            \"min_second_favorite_odds\": float(self.min_second_favorite_odds),\n        }\n\n        log.info(\n            \"Universal scoring complete\",\n            total_races_scored=len(qualified_races),\n            criteria=criteria,\n        )\n\n        for race in qualified_races:\n            if race.qualification_score and race.qualification_score >= 85:\n                self.notifier.notify_qualified_race(race)\n\n        return {\"criteria\": criteria, \"races\": qualified_races}\n\n    def _evaluate_race(self, race: Race) -> float:\n        \"\"\"Evaluates a single race and returns a qualification score.\"\"\"\n        # --- Constants for Scoring Logic ---\n        FAV_ODDS_NORMALIZATION = 10.0\n        SEC_FAV_ODDS_NORMALIZATION = 15.0\n        FAV_ODDS_WEIGHT = 0.6\n        SEC_FAV_ODDS_WEIGHT = 0.4\n        FIELD_SIZE_SCORE_WEIGHT = 0.3\n        ODDS_SCORE_WEIGHT = 0.7\n\n        active_runners = [r for r in race.runners if not r.scratched]\n\n        runners_with_odds = []\n        for runner in active_runners:\n            best_odds = _get_best_win_odds(runner)\n            if best_odds is not None:\n                runners_with_odds.append((runner, best_odds))\n\n        if len(runners_with_odds) < 2:\n            return 0.0\n\n        runners_with_odds.sort(key=lambda x: x[1])\n        favorite_odds = runners_with_odds[0][1]\n        second_favorite_odds = runners_with_odds[1][1]\n\n        # --- Calculate Qualification Score (as inspired by the TypeScript Genesis) ---\n        field_score = (self.max_field_size - len(active_runners)) / self.max_field_size\n\n        # Normalize odds scores - cap influence of extremely high odds\n        fav_odds_score = min(float(favorite_odds) / FAV_ODDS_NORMALIZATION, 1.0)\n        sec_fav_odds_score = min(float(second_favorite_odds) / SEC_FAV_ODDS_NORMALIZATION, 1.0)\n\n        # Weighted average\n        odds_score = (fav_odds_score * FAV_ODDS_WEIGHT) + (sec_fav_odds_score * SEC_FAV_ODDS_WEIGHT)\n        final_score = (field_score * FIELD_SIZE_SCORE_WEIGHT) + (odds_score * ODDS_SCORE_WEIGHT)\n\n        # --- Apply a penalty if hard filters are not met, instead of returning None ---\n        if (\n            len(active_runners) > self.max_field_size\n            or favorite_odds < self.min_favorite_odds\n            or second_favorite_odds < self.min_second_favorite_odds\n        ):\n            # Assign a score of 0 to races that would have been filtered out\n            return 0.0\n\n        score = round(final_score * 100, 2)\n        race.qualification_score = score\n        return score\n\n\nclass AnalyzerEngine:\n    \"\"\"Discovers and manages all available analyzer plugins.\"\"\"\n\n    def __init__(self):\n        self.analyzers: Dict[str, Type[BaseAnalyzer]] = {}\n        self._discover_analyzers()\n\n    def _discover_analyzers(self):\n        # In a real plugin system, this would inspect a folder.\n        # For now, we register them manually.\n        self.register_analyzer(\"trifecta\", TrifectaAnalyzer)\n        log.info(\n            \"AnalyzerEngine discovered plugins\",\n            available_analyzers=list(self.analyzers.keys()),\n        )\n\n    def register_analyzer(self, name: str, analyzer_class: Type[BaseAnalyzer]):\n        self.analyzers[name] = analyzer_class\n\n    def get_analyzer(self, name: str, **kwargs) -> BaseAnalyzer:\n        analyzer_class = self.analyzers.get(name)\n        if not analyzer_class:\n            log.error(\"Requested analyzer not found\", requested_analyzer=name)\n            raise ValueError(f\"Analyzer '{name}' not found.\")\n        return analyzer_class(**kwargs)\n\n\nclass AudioAlertSystem:\n    \"\"\"Plays sound alerts for important events.\"\"\"\n\n    def __init__(self):\n        self.sounds = {\n            \"high_value\": Path(__file__).parent.parent.parent / \"assets\" / \"sounds\" / \"alert_premium.wav\",\n        }\n        self.enabled = winsound is not None\n\n    def play(self, sound_type: str):\n        if not self.enabled:\n            return\n\n        sound_file = self.sounds.get(sound_type)\n        if sound_file and sound_file.exists():\n            try:\n                winsound.PlaySound(str(sound_file), winsound.SND_FILENAME | winsound.SND_ASYNC)\n            except Exception as e:\n                log.warning(\"Could not play sound\", file=sound_file, error=e)\n\n\nclass RaceNotifier:\n    \"\"\"Handles sending native Windows notifications and audio alerts for high-value races.\"\"\"\n\n    def __init__(self):\n        self.toaster = ToastNotifier(\"Fortuna\") if ToastNotifier else None\n        self.audio_system = AudioAlertSystem()\n        self.notified_races = set()\n\n    def notify_qualified_race(self, race):\n        if not self.toaster or race.id in self.notified_races:\n            return\n\n        title = \"\ud83c\udfc7 High-Value Opportunity!\"\n        message = f\"\"\"{race.venue} - Race {race.race_number}\nScore: {race.qualification_score:.0f}%\nPost Time: {race.start_time.strftime(\"%I:%M %p\")}\"\"\"\n\n        try:\n            # The `threaded=True` argument is crucial to prevent blocking the main application thread.\n            self.toaster.show_toast(title, message, duration=10, threaded=True)\n            self.notified_races.add(race.id)\n            self.audio_system.play(\"high_value\")\n            log.info(\"Notification and audio alert sent for high-value race\", race_id=race.id)\n        except Exception as e:\n            # Catch potential exceptions from the notification library itself\n            log.error(\"Failed to send notification\", error=str(e), exc_info=True)\n"
}