{
    "file_path": "python_service/config.py",
    "content": "# python_service/config.py\nimport os\nfrom functools import lru_cache\nfrom pathlib import Path\nfrom typing import List\nfrom typing import Optional\n\nimport structlog\nfrom pydantic import Field\nfrom pydantic import model_validator\nfrom pydantic_settings import BaseSettings\n\nfrom .credentials_manager import SecureCredentialsManager\n\n# --- Encryption Setup ---\ntry:\n    from cryptography.fernet import Fernet\n\n    ENCRYPTION_ENABLED = True\nexcept ImportError:\n    ENCRYPTION_ENABLED = False\n\nKEY_FILE = Path(\".key\")\nCIPHER = None\nif ENCRYPTION_ENABLED and KEY_FILE.exists():\n    with open(KEY_FILE, \"rb\") as f:\n        key = f.read()\n    CIPHER = Fernet(key)\n\n\ndef decrypt_value(value: Optional[str]) -> str:\n    \"\"\"If a value is encrypted, decrypts it. Otherwise, returns it as is.\"\"\"\n    if value and value.startswith(\"encrypted:\") and CIPHER:\n        try:\n            return CIPHER.decrypt(value[10:].encode()).decode()\n        except Exception:\n            structlog.get_logger(__name__).error(\"Decryption failed on field.\")\n            return \"\"  # Fallback to an empty string on failure\n    return value or \"\"  # Ensure a non-None return value even if input is None\n\n\nclass Settings(BaseSettings):\n    API_KEY: str = Field(\"\", min_length=16)\n\n    # --- API Gateway Configuration ---\n    UVICORN_HOST: str = \"127.0.0.1\"\n    UVICORN_PORT: int = 8000\n    UVICORN_RELOAD: bool = True\n\n    # --- Database Configuration ---\n    DATABASE_TYPE: str = \"sqlite\"\n    DATABASE_URL: str = \"sqlite:///./fortuna.db\"\n\n    # --- Optional Betfair Credentials ---\n    BETFAIR_APP_KEY: Optional[str] = None\n\n    # --- Caching & Performance ---\n    REDIS_URL: str = \"redis://localhost:6379\"\n    CACHE_TTL_SECONDS: int = 1800  # 30 minutes\n    MAX_CONCURRENT_REQUESTS: int = 10\n    HTTP_POOL_CONNECTIONS: int = 100\n    HTTP_POOL_MAXSIZE: int = 100\n    HTTP_MAX_KEEPALIVE: int = 50\n    DEFAULT_TIMEOUT: int = 30\n    ADAPTER_TIMEOUT: int = 20\n\n    # --- Logging ---\n    LOG_LEVEL: str = \"INFO\"\n\n    # --- Optional Adapter Keys ---\n    NEXT_PUBLIC_API_KEY: Optional[str] = None  # Allow frontend key to be present in .env\n    TVG_API_KEY: Optional[str] = None\n    RACING_AND_SPORTS_TOKEN: Optional[str] = None\n    POINTSBET_API_KEY: Optional[str] = None\n    GREYHOUND_API_URL: Optional[str] = None\n    THE_RACING_API_KEY: Optional[str] = None\n\n    # --- CORS Configuration ---\n    ALLOWED_ORIGINS: List[str] = [\"http://localhost:3000\", \"http://localhost:3001\"]\n\n    model_config = {\"env_file\": \".env\", \"case_sensitive\": True}\n\n    @model_validator(mode=\"after\")\n    def process_settings(self) -> \"Settings\":\n        \"\"\"\n        This validator runs after the initial settings are loaded from .env and\n        performs two key functions:\n        1. If API_KEY is missing, it falls back to the SecureCredentialsManager.\n        2. It decrypts any fields that were loaded from the .env file.\n        \"\"\"\n        # 1. Fallback for API_KEY\n        if not self.API_KEY:\n            self.API_KEY = SecureCredentialsManager.get_credential(\"api_key\") or \"MISSING\"\n\n        # 2. Security validation for API_KEY\n        insecure_keys = {\"test\", \"changeme\", \"default\", \"secret\", \"password\", \"admin\"}\n        if self.API_KEY in insecure_keys:\n            raise ValueError(\n                f\"The provided API_KEY '{self.API_KEY}' is on the list of insecure default values and is not allowed.\"\n            )\n\n        # 2. Decrypt sensitive fields\n        self.BETFAIR_APP_KEY = decrypt_value(self.BETFAIR_APP_KEY)\n\n        return self\n\n\n@lru_cache()\ndef get_settings() -> Settings:\n    \"\"\"Loads settings and performs a proactive check for legacy paths.\"\"\"\n    log = structlog.get_logger(__name__)\n    if ENCRYPTION_ENABLED and not KEY_FILE.exists():\n        log.warning(\n            \"encryption_key_not_found\",\n            file=str(KEY_FILE),\n            recommendation=\"Run 'python manage_secrets.py' to generate a key.\",\n        )\n\n    settings = Settings()\n\n    # --- Legacy Path Detection ---\n    legacy_paths = [\"attic/\", \"checkmate_web/\", \"vba_source/\"]\n    for path in legacy_paths:\n        if os.path.exists(path):\n            log.warning(\n                \"legacy_path_detected\",\n                path=path,\n                recommendation=\"This directory is obsolete and should be removed for optimal performance and security.\",\n            )\n\n    return settings\n"
}