{
    "file_path": "python_service/etl.py",
    "content": "# python_service/etl.py\n# ETL pipeline for populating the historical data warehouse\n\nimport json\nimport logging\nimport os\nfrom datetime import date\n\nimport requests\nfrom sqlalchemy import create_engine\nfrom sqlalchemy import text\nfrom sqlalchemy.exc import SQLAlchemyError\n\nlogging.basicConfig(level=logging.INFO)\nlogger = logging.getLogger(__name__)\n\n\nclass ScribesArchivesETL:\n    def __init__(self):\n        self.postgres_url = os.getenv(\"POSTGRES_URL\")\n        self.api_key = os.getenv(\"API_KEY\")\n        self.api_base_url = \"http://localhost:8000\"\n        self.engine = self._get_db_engine()\n\n    def _get_db_engine(self):\n        if not self.postgres_url:\n            logger.warning(\"POSTGRES_URL not set. ETL will be skipped.\")\n            return None\n        try:\n            return create_engine(self.postgres_url)\n        except Exception as e:\n            logger.error(f\"Failed to create database engine: {e}\", exc_info=True)\n            return None\n\n    def _fetch_race_data(self, target_date: date) -> list:\n        \"\"\"Fetches aggregated race data from the local API.\"\"\"\n        if not self.api_key:\n            raise ValueError(\"API_KEY not found in environment.\")\n\n        url = f\"{self.api_base_url}/api/races?race_date={target_date.isoformat()}\"\n        headers = {\"X-API-KEY\": self.api_key}\n        response = requests.get(url, headers=headers, timeout=120)\n        response.raise_for_status()\n        return response.json().get(\"races\", [])\n\n    def _validate_and_transform(self, race: dict) -> tuple:\n        \"\"\"Validates a race dictionary and transforms it for insertion.\"\"\"\n        if not all(k in race for k in [\"id\", \"venue\", \"race_number\", \"start_time\", \"runners\"]):\n            return (\n                None,\n                \"Missing core fields (id, venue, race_number, start_time, runners)\",\n            )\n\n        active_runners = [r for r in race.get(\"runners\", []) if not r.get(\"scratched\")]\n\n        transformed = {\n            \"race_id\": race[\"id\"],\n            \"venue\": race[\"venue\"],\n            \"race_number\": race[\"race_number\"],\n            \"start_time\": race[\"start_time\"],\n            \"source\": race.get(\"source\"),\n            \"qualification_score\": race.get(\"qualification_score\"),\n            \"field_size\": len(active_runners),\n        }\n        return transformed, None\n\n    def run(self, target_date: date):\n        if not self.engine:\n            return\n\n        logger.info(f\"Starting ETL process for {target_date.isoformat()}...\")\n        try:\n            races = self._fetch_race_data(target_date)\n        except (requests.RequestException, ValueError) as e:\n            logger.error(f\"Failed to fetch race data: {e}\", exc_info=True)\n            return\n\n        clean_records = []\n        quarantined_records = []\n\n        for race in races:\n            transformed, reason = self._validate_and_transform(race)\n            if transformed:\n                clean_records.append(transformed)\n            else:\n                quarantined_records.append(\n                    {\n                        \"race_id\": race.get(\"id\"),\n                        \"source\": race.get(\"source\"),\n                        \"payload\": json.dumps(race),\n                        \"reason\": reason,\n                    }\n                )\n\n        with self.engine.connect() as connection:\n            try:\n                with connection.begin():  # Transaction block\n                    if clean_records:\n                        # Using ON CONFLICT to prevent duplicates\n                        stmt = text(\n                            \"\"\"\n                            INSERT INTO historical_races (\n                                race_id, venue, race_number, start_time, source,\n                                qualification_score, field_size\n                            )\n                            VALUES (\n                                :race_id, :venue, :race_number, :start_time, :source,\n                                :qualification_score, :field_size\n                            )\n                            ON CONFLICT (race_id) DO NOTHING;\n                        \"\"\"\n                        )\n                        connection.execute(stmt, clean_records)\n                        logger.info(f\"Inserted/updated {len(clean_records)} records into historical_races.\")\n\n                    if quarantined_records:\n                        stmt = text(\n                            \"\"\"\n                            INSERT INTO quarantined_races (race_id, source, payload, reason)\n                            VALUES (:race_id, :source, :payload::jsonb, :reason);\n                        \"\"\"\n                        )\n                        connection.execute(stmt, quarantined_records)\n                        logger.warning(f\"Moved {len(quarantined_records)} records to quarantine.\")\n            except SQLAlchemyError as e:\n                logger.error(f\"Database transaction failed: {e}\", exc_info=True)\n\n        logger.info(\"ETL process finished.\")\n\n\ndef run_etl_for_yesterday():\n    from datetime import timedelta\n\n    yesterday = date.today() - timedelta(days=1)\n    etl = ScribesArchivesETL()\n    etl.run(yesterday)\n"
}