{
    "file_path": "web_platform/api_gateway/package.json",
    "content": "{\n  \"name\": \"api_gateway\",\n  \"version\": \"1.0.0\",\n  \"main\": \"dist/server.js\",\n  \"scripts\": { \"start\": \"ts-node src/server.ts\" },\n  \"dependencies\": {\n    \"express\": \"^4.18.2\",\n    \"dotenv\": \"^16.3.1\",\n    \"dotenv\": \"^16.3.1\",\n    \"sqlite\": \"^5.1.1\",\n    \"sqlite3\": \"^5.1.7\",\n    \"socket.io\": \"^4.7.4\",\n    \"cors\": \"^2.8.5\"\n  },\n  \"devDependencies\": {\n    \"@types/express\": \"^4.17.21\",\n    \"@types/node\": \"^20.10.0\",\n    \"@types/cors\": \"^2.8.17\",\n    \"ts-node\": \"^10.9.2\",\n    \"typescript\": \"^5.3.3\"\n  }\n}"
}