{
    "file_path": "python_service/adapters/base_v3.py",
    "content": "# python_service/adapters/base_v3.py\nfrom abc import ABC\nfrom abc import abstractmethod\nfrom typing import Any\nfrom typing import AsyncGenerator\nfrom typing import List\n\nimport httpx\nimport structlog\nfrom tenacity import RetryError\nfrom tenacity import retry\nfrom tenacity import stop_after_attempt\nfrom tenacity import wait_exponential\n\nfrom ..core.exceptions import AdapterHttpError\nfrom ..manual_override_manager import ManualOverrideManager\nfrom ..models import Race\n\n\nclass BaseAdapterV3(ABC):\n    \"\"\"\n    Abstract base class for all V3 data adapters.\n    Enforces a standardized fetch/parse pattern and includes robust request handling.\n    \"\"\"\n\n    def __init__(self, source_name: str, base_url: str, config=None, timeout: int = 20):\n        self.source_name = source_name\n        self.base_url = base_url\n        self.config = config\n        self.timeout = timeout\n        self.logger = structlog.get_logger(adapter_name=self.source_name)\n        self.http_client: httpx.AsyncClient = None  # Injected by the engine\n        self.manual_override_manager: ManualOverrideManager = None\n        self.supports_manual_override = True  # Can be overridden by subclasses\n\n    def enable_manual_override(self, manager: ManualOverrideManager):\n        \"\"\"Injects the manual override manager into the adapter.\"\"\"\n        self.manual_override_manager = manager\n\n    @abstractmethod\n    async def _fetch_data(self, date: str) -> Any:\n        \"\"\"\n        Fetches the raw data (e.g., HTML, JSON) for the given date.\n        This is the only method that should perform network operations.\n        \"\"\"\n        raise NotImplementedError\n\n    @abstractmethod\n    def _parse_races(self, raw_data: Any) -> List[Race]:\n        \"\"\"\n        Parses the raw data retrieved by _fetch_data into a list of Race objects.\n        This method should be a pure function with no side effects.\n        \"\"\"\n        raise NotImplementedError\n\n    async def get_races(self, date: str) -> AsyncGenerator[Race, None]:\n        \"\"\"\n        Orchestrates the fetch-then-parse pipeline for the adapter.\n        This public method should not be overridden by subclasses.\n        \"\"\"\n        raw_data = None\n\n        if self.manual_override_manager:\n            # This is not a full URL, but a representative key for the fetch operation\n            # Subclasses might need to override get_races to provide a more specific URL if needed\n            lookup_key = f\"{self.base_url}/racecards/{date}\"\n            manual_data = self.manual_override_manager.get_manual_data(\n                self.source_name, lookup_key\n            )\n            if manual_data:\n                self.logger.info(\n                    \"Using manually submitted data for request\", url=lookup_key\n                )\n                # Reconstruct a dictionary similar to what _fetch_data would return\n                # This may need adjustment based on adapter specifics\n                raw_data = {\"pages\": [manual_data[0]], \"date\": date}\n\n        if raw_data is None:\n            try:\n                raw_data = await self._fetch_data(date)\n            except AdapterHttpError as e:\n                if self.manual_override_manager and self.supports_manual_override:\n                    self.manual_override_manager.register_failure(\n                        self.source_name, e.url\n                    )\n                raise  # Reraise the exception to be handled by the OddsEngine\n\n        if raw_data is not None:\n            parsed_races = self._parse_races(raw_data)\n            for race in parsed_races:\n                yield race\n\n    @retry(\n        wait=wait_exponential(multiplier=1, min=2, max=10),\n        stop=stop_after_attempt(3),\n        reraise=True,  # Reraise the final exception to be caught by get_races\n    )\n    async def make_request(\n        self, http_client: httpx.AsyncClient, method: str, url: str, **kwargs\n    ) -> httpx.Response:\n        \"\"\"\n        Makes a resilient HTTP request with built-in retry logic using tenacity.\n        \"\"\"\n        # Ensure the URL is correctly formed, whether it's relative or absolute\n        full_url = (\n            url\n            if url.startswith(\"http\")\n            else f\"{self.base_url.rstrip('/')}/{url.lstrip('/')}\"\n        )\n\n        try:\n            self.logger.info(\"Making request\", method=method.upper(), url=full_url)\n            response = await http_client.request(\n                method, full_url, timeout=self.timeout, **kwargs\n            )\n            response.raise_for_status()  # Raise an exception for 4xx/5xx responses\n            return response\n        except httpx.HTTPStatusError as e:\n            self.logger.error(\n                \"HTTP Status Error during request\",\n                status_code=e.response.status_code,\n                url=str(e.request.url),\n            )\n            raise AdapterHttpError(\n                adapter_name=self.source_name,\n                status_code=e.response.status_code,\n                url=str(e.request.url),\n            ) from e\n        except (httpx.RequestError, RetryError) as e:\n            self.logger.error(\"Request Error or Retry Error\", error=str(e))\n            raise AdapterHttpError(\n                adapter_name=self.source_name,\n                status_code=503,  # Service Unavailable\n                url=full_url,\n                detail=str(e),\n            ) from e\n\n    def get_status(self) -> dict:\n        \"\"\"\n        Returns a dictionary representing the adapter's current status.\n        Subclasses can extend this to include more specific health checks.\n        \"\"\"\n        return {\n            \"adapter_name\": self.source_name,\n            \"status\": \"OK\",  # Basic status; can be enhanced in subclasses\n        }\n"
}