{
    "file_path": "python_service/adapters/betfair_auth_mixin.py",
    "content": "# python_service/adapters/betfair_auth_mixin.py\n\nimport asyncio\nfrom datetime import datetime\nfrom datetime import timedelta\nfrom typing import Optional\n\nimport httpx\nimport structlog\n\nfrom ..credentials_manager import SecureCredentialsManager\n\nlog = structlog.get_logger(__name__)\n\n\nclass BetfairAuthMixin:\n    \"\"\"Encapsulates Betfair authentication logic for reuse across adapters.\"\"\"\n\n    session_token: Optional[str] = None\n    token_expiry: Optional[datetime] = None\n    _auth_lock = asyncio.Lock()\n\n    async def _authenticate(self, http_client: httpx.AsyncClient):\n        \"\"\"\n        Authenticates with Betfair using credentials from the system's credential manager,\n        ensuring the session token is valid and refreshing it if necessary.\n        \"\"\"\n        async with self._auth_lock:\n            if self.session_token and self.token_expiry and self.token_expiry > (datetime.now() + timedelta(minutes=5)):\n                return\n\n            log.info(\"Attempting to authenticate with Betfair...\")\n            username, password = SecureCredentialsManager.get_betfair_credentials()\n\n            if not all([self.config.BETFAIR_APP_KEY, username, password]):\n                raise ValueError(\"Betfair credentials not fully configured in credential manager.\")\n\n            auth_url = \"https://identitysso.betfair.com/api/login\"\n            headers = {\n                \"X-Application\": self.config.BETFAIR_APP_KEY,\n                \"Content-Type\": \"application/x-www-form-urlencoded\",\n            }\n            payload = f\"username={username}&password={password}\"\n\n            response = await http_client.post(auth_url, headers=headers, content=payload, timeout=20)\n            response.raise_for_status()\n            data = response.json()\n\n            if data.get(\"status\") == \"SUCCESS\":\n                self.session_token = data.get(\"token\")\n                self.token_expiry = datetime.now() + timedelta(hours=3)\n                log.info(\"Betfair authentication successful.\")\n            else:\n                log.error(\"Betfair authentication failed\", error=data.get(\"error\"))\n                self.session_token = None  # Reset token to prevent using a stale one\n                return  # Return gracefully and let the adapter handle the lack of a token\n"
}