{
    "file_path": "python_service/adapters/betfair_greyhound_adapter.py",
    "content": "# python_service/adapters/betfair_greyhound_adapter.py\nimport re\nfrom datetime import datetime\nfrom datetime import timedelta\nfrom typing import Any\nfrom typing import List\nfrom typing import Optional\n\nfrom ..models import Race\nfrom ..models import Runner\nfrom .base_adapter_v3 import BaseAdapterV3\nfrom .betfair_auth_mixin import BetfairAuthMixin\n\n\nclass BetfairGreyhoundAdapter(BetfairAuthMixin, BaseAdapterV3):\n    \"\"\"Adapter for fetching greyhound racing data from the Betfair Exchange API, using V3 architecture.\"\"\"\n\n    SOURCE_NAME = \"BetfairGreyhounds\"\n    BASE_URL = \"https://api.betfair.com/exchange/betting/rest/v1.0/\"\n\n    def __init__(self, config=None):\n        super().__init__(source_name=self.SOURCE_NAME, base_url=self.BASE_URL, config=config)\n\n    async def _fetch_data(self, date: str) -> Any:\n        \"\"\"Fetches the raw market catalogue for greyhound races on a given date.\"\"\"\n        await self._authenticate(self.http_client)\n        if not self.session_token:\n            self.logger.error(\"Authentication failed, cannot fetch data.\")\n            return None\n\n        start_time, end_time = self._get_datetime_range(date)\n\n        response = await self.make_request(\n            self.http_client,\n            method=\"post\",\n            url=f\"{self.BASE_URL}listMarketCatalogue/\",\n            json={\n                \"filter\": {\n                    \"eventTypeIds\": [\"4339\"],  # Greyhound Racing\n                    \"marketCountries\": [\"GB\", \"IE\", \"AU\"],\n                    \"marketTypeCodes\": [\"WIN\"],\n                    \"marketStartTime\": {\n                        \"from\": start_time.isoformat(),\n                        \"to\": end_time.isoformat(),\n                    },\n                },\n                \"maxResults\": 1000,\n                \"marketProjection\": [\"EVENT\", \"RUNNER_DESCRIPTION\"],\n            },\n        )\n        return response.json() if response else None\n\n    def _parse_races(self, raw_data: Any) -> List[Race]:\n        \"\"\"Parses the raw market catalogue into a list of Race objects.\"\"\"\n        if not raw_data:\n            return []\n\n        races = []\n        for market in raw_data:\n            try:\n                if race := self._parse_race(market):\n                    races.append(race)\n            except (KeyError, TypeError):\n                self.logger.warning(\n                    \"Failed to parse a Betfair Greyhound market.\",\n                    exc_info=True,\n                    market=market,\n                )\n                continue\n        return races\n\n    def _parse_race(self, market: dict) -> Optional[Race]:\n        \"\"\"Parses a single market from the Betfair API into a Race object.\"\"\"\n        market_id = market.get(\"marketId\")\n        event = market.get(\"event\", {})\n        market_start_time = market.get(\"marketStartTime\")\n\n        if not all([market_id, market_start_time]):\n            return None\n\n        start_time = datetime.fromisoformat(market_start_time.replace(\"Z\", \"+00:00\"))\n\n        runners = [\n            Runner(\n                number=runner.get(\"sortPriority\", i + 1),\n                name=runner.get(\"runnerName\"),\n                scratched=runner.get(\"status\") != \"ACTIVE\",\n                selection_id=runner.get(\"selectionId\"),\n            )\n            for i, runner in enumerate(market.get(\"runners\", []))\n            if runner.get(\"runnerName\")\n        ]\n\n        return Race(\n            id=f\"bfg_{market_id}\",\n            venue=event.get(\"venue\", \"Unknown Venue\"),\n            race_number=self._extract_race_number(market.get(\"marketName\", \"\")),\n            start_time=start_time,\n            runners=runners,\n            source=self.source_name,\n        )\n\n    def _extract_race_number(self, name: str) -> int:\n        \"\"\"Extracts the race number from a market name (e.g., 'R1 480m').\"\"\"\n        match = re.search(r\"\\bR(\\d{1,2})\\b\", name)\n        return int(match.group(1)) if match else 0\n\n    def _get_datetime_range(self, date_str: str):\n        # Helper to create a datetime range for the Betfair API\n        start_time = datetime.strptime(date_str, \"%Y-%m-%d\")\n        end_time = start_time + timedelta(days=1)\n        return start_time, end_time\n"
}