{
    "file_path": "python_service/adapters/racing_and_sports_adapter.py",
    "content": "# python_service/adapters/racing_and_sports_adapter.py\n\nfrom datetime import datetime\nfrom typing import Any\nfrom typing import Dict\nfrom typing import List\nfrom typing import Optional\n\nfrom ..core.exceptions import AdapterConfigError\nfrom ..models import Race\nfrom ..models import Runner\nfrom .base_adapter_v3 import BaseAdapterV3\n\n\nclass RacingAndSportsAdapter(BaseAdapterV3):\n    \"\"\"Adapter for Racing and Sports API, migrated to BaseAdapterV3.\"\"\"\n\n    SOURCE_NAME = \"RacingAndSports\"\n    BASE_URL = \"https://api.racingandsports.com.au/\"\n\n    def __init__(self, config=None):\n        super().__init__(source_name=self.SOURCE_NAME, base_url=self.BASE_URL, config=config)\n        if not hasattr(config, \"RACING_AND_SPORTS_TOKEN\") or not config.RACING_AND_SPORTS_TOKEN:\n            raise AdapterConfigError(self.source_name, \"RACING_AND_SPORTS_TOKEN is not configured.\")\n        self.api_token = config.RACING_AND_SPORTS_TOKEN\n\n    async def _fetch_data(self, date: str) -> Optional[Dict[str, Any]]:\n        \"\"\"Fetches the raw meetings data from the Racing and Sports API.\"\"\"\n        headers = {\n            \"Authorization\": f\"Bearer {self.api_token}\",\n            \"Accept\": \"application/json\",\n        }\n        params = {\"date\": date, \"jurisdiction\": \"AUS\"}\n        response = await self.make_request(\n            self.http_client,\n            \"GET\",\n            \"v1/racing/meetings\",\n            headers=headers,\n            params=params,\n        )\n        return response.json() if response else None\n\n    def _parse_races(self, raw_data: Optional[Dict[str, Any]]) -> List[Race]:\n        \"\"\"Parses the raw meetings data into a list of Race objects.\"\"\"\n        all_races = []\n        if not raw_data or not isinstance(raw_data.get(\"meetings\"), list):\n            self.logger.warning(\"No 'meetings' in RacingAndSports response or invalid format.\")\n            return all_races\n\n        for meeting in raw_data.get(\"meetings\", []):\n            if not isinstance(meeting, dict):\n                continue\n            for race_summary in meeting.get(\"races\", []):\n                if not isinstance(race_summary, dict):\n                    continue\n                try:\n                    if parsed_race := self._parse_ras_race(meeting, race_summary):\n                        all_races.append(parsed_race)\n                except (KeyError, TypeError, ValueError):\n                    self.logger.warning(\n                        \"Failed to parse RacingAndSports race, skipping\",\n                        meeting=meeting.get(\"venueName\"),\n                        race_id=race_summary.get(\"raceId\"),\n                        exc_info=True,\n                    )\n        return all_races\n\n    def _parse_ras_race(self, meeting: Dict[str, Any], race: Dict[str, Any]) -> Optional[Race]:\n        \"\"\"Parses a single race object from the API response.\"\"\"\n        race_id = race.get(\"raceId\")\n        start_time_str = race.get(\"startTime\")\n        race_number = race.get(\"raceNumber\")\n\n        if not all([race_id, start_time_str, race_number]):\n            return None\n\n        runners = [\n            Runner(\n                number=rd.get(\"runnerNumber\", 0),\n                name=rd.get(\"horseName\", \"Unknown\"),\n                scratched=rd.get(\"isScratched\", False),\n            )\n            for rd in race.get(\"runners\", [])\n            if isinstance(rd, dict) and rd.get(\"runnerNumber\")\n        ]\n\n        if not runners:\n            return None\n\n        try:\n            start_time = datetime.fromisoformat(start_time_str)\n        except (ValueError, TypeError):\n            self.logger.warning(\n                \"Invalid start time format for RacingAndSports race\",\n                start_time_str=start_time_str,\n                race_id=race_id,\n            )\n            return None\n\n        return Race(\n            id=f\"ras_{race_id}\",\n            venue=meeting.get(\"venueName\", \"Unknown Venue\"),\n            race_number=race_number,\n            start_time=start_time,\n            runners=runners,\n            source=self.source_name,\n        )\n"
}