{
    "file_path": "python_service/adapters/twinspires_adapter.py",
    "content": "# python_service/adapters/twinspires_adapter.py\nfrom typing import Any\nfrom typing import List\n\nfrom ..models import Race\nfrom .base_adapter_v3 import BaseAdapterV3\n\n\nclass TwinSpiresAdapter(BaseAdapterV3):\n    \"\"\"\n    Adapter for twinspires.com.\n    This is a placeholder for a full implementation using the discovered JSON API.\n    \"\"\"\n\n    SOURCE_NAME = \"TwinSpires\"\n    BASE_URL = \"https://www.twinspires.com\"\n\n    def __init__(self, config=None):\n        super().__init__(source_name=self.SOURCE_NAME, base_url=self.BASE_URL, config=config)\n\n    async def _fetch_data(self, date: str) -> Any:\n        \"\"\"\n        TODO: Implement the logic to fetch data from the Twinspires JSON API.\n\n        *** JB's Discoveries for the next agent to implement ***\n\n        The goal is to reverse-engineer the site's API to get a list of all tracks\n        for a given day, then get the race card for each track, and finally the\n        runner data for each race.\n\n        1.  **Main Page (potential source for a list of all tracks):**\n            - https://www.twinspires.com/bet/todays-races/\n\n        2.  **API Endpoint for All Tracks (CRITICAL DISCOVERY):**\n            - This URL appears to provide the core data for all tracks for the day.\n            - https://www.twinspires.com/adw/todays-tracks?affid=0\n\n        3.  **Example Track URLs (these seem to load the race card data):**\n            - Greyhound: https://www.twinspires.com/adw/todays-tracks/cp1/Greyhound/races?affid=0\n            - Thoroughbred: https://www.twinspires.com/adw/todays-tracks/fl/Thoroughbred/races?affid=0\n            - Harness: https://www.twinspires.com/adw/todays-tracks/mr/Harness/races?affid=0\n\n        3.  **Example Race Card JSON (for Central Park):**\n            This data is likely fetched by one of the track URLs above. Note that this\n            JSON does NOT contain the runner (horse/greyhound) data, so another API\n            call will be needed to get the entries for each race.\n\n            ```json\n            [\n                {\"raceType\":\"\",\"purse\":\"0\",\"maxClaimPrice\":\"0\",\"grade\":\"\",\"raceNumber\":1,\"raceDate\":\"2025-10-27\",\"postTime\":\"2025-10-27T10:36:17-04:00\",\"postTimeStamp\":1761575777000,\"mtp\":0,\"status\":\"Closed\",\"distance\":\"303 Y\",\"distanceLong\":\"303 YARDS\",\"ageRestrictions\":\"\",\"sexRestrictions\":\"\",\"wagers\":\"Win Place Exacta Quinella Trifecta Central Park\",\"country\":\"ENG\",\"carryover\":[],\"formattedPurse\":\"$0\",\"hasSilks\":false,\"displayRaceName\":\"\",\"displayRaceDescription\":\"\",\"surfaceConditionMap\":{},\"hasBrisPick\":false,\"currentRace\":false,\"hasExpertPick\":false},\n                {\"raceType\":\"\",\"purse\":\"0\",\"maxClaimPrice\":\"0\",\"grade\":\"\",\"raceNumber\":2,\"raceDate\":\"2025-10-27\",\"postTime\":\"2025-10-27T10:54:15-04:00\",\"postTimeStamp\":1761576855000,\"mtp\":0,\"status\":\"Closed\",\"distance\":\"537 Y\",\"distanceLong\":\"537 YARDS\",\"ageRestrictions\":\"\",\"sexRestrictions\":\"\",\"wagers\":\"Win Place Exacta Quinella Trifecta Central Park\",\"country\":\"ENG\",\"carryover\":[],\"formattedPurse\":\"$0\",\"hasSilks\":false,\"displayRaceName\":\"\",\"displayRaceDescription\":\"\",\"surfaceConditionMap\":{},\"hasBrisPick\":false,\"currentRace\":false,\"hasExpertPick\":false},\n                {\"raceType\":\"\",\"purse\":\"0\",\"maxClaimPrice\":\"0\",\"grade\":\"\",\"raceNumber\":3,\"raceDate\":\"2025-10-27\",\"postTime\":\"2025-10-27T11:13:16-04:00\",\"postTimeStamp\":1761577996000,\"mtp\":0,\"status\":\"Closed\",\"distance\":\"303 Y\",\"distanceLong\":\"303 YARDS\",\"ageRestrictions\":\"\",\"sexRestrictions\":\"\",\"wagers\":\"Win Place Exacta Quinella Trifecta Central Park\",\"country\":\"ENG\",\"carryover\":[],\"formattedPurse\":\"$0\",\"hasSilks\":false,\"displayRaceName\":\"\",\"displayRaceDescription\":\"\",\"surfaceConditionMap\":{},\"hasBrisPick\":false,\"currentRace\":false,\"hasExpertPick\":false},\n                {\"raceType\":\"\",\"purse\":\"0\",\"maxClaimPrice\":\"0\",\"grade\":\"\",\"raceNumber\":4,\"raceDate\":\"2025-10-27\",\"postTime\":\"2025-10-27T11:32:24-04:00\",\"postTimeStamp\":1761579144000,\"mtp\":0,\"status\":\"Closed\",\"distance\":\"303 Y\",\"distanceLong\":\"303 YARDS\",\"ageRestrictions\":\"\",\"sexRestrictions\":\"\",\"wagers\":\"Win Place Exacta Quinella Trifecta Central Park\",\"country\":\"ENG\",\"carryover\":[],\"formattedPurse\":\"$0\",\"hasSilks\":false,\"displayRaceName\":\"\",\"displayRaceDescription\":\"\",\"surfaceConditionMap\":{},\"hasBrisPick\":false,\"currentRace\":false,\"hasExpertPick\":false},\n                {\"raceType\":\"\",\"purse\":\"0\",\"maxClaimPrice\":\"0\",\"grade\":\"\",\"raceNumber\":5,\"raceDate\":\"2025-10-27\",\"postTime\":\"2025-10-27T11:51:15-04:00\",\"postTimeStamp\":1761580275000,\"mtp\":0,\"status\":\"Closed\",\"distance\":\"537 Y\",\"distanceLong\":\"537 YARDS\",\"ageRestrictions\":\"\",\"sexRestrictions\":\"\",\"wagers\":\"Win Place Exacta Quinella Trifecta Central Park\",\"country\":\"ENG\",\"carryover\":[],\"formattedPurse\":\"$0\",\"hasSilks\":false,\"displayRaceName\":\"\",\"displayRaceDescription\":\"\",\"surfaceConditionMap\":{},\"hasBrisPick\":false,\"currentRace\":false,\"hasExpertPick\":false},\n                {\"raceType\":\"\",\"purse\":\"0\",\"maxClaimPrice\":\"0\",\"grade\":\"\",\"raceNumber\":6,\"raceDate\":\"2025-10-27\",\"postTime\":\"2025-10-27T12:09:15-04:00\",\"postTimeStamp\":1761581355000,\"mtp\":0,\"status\":\"Closed\",\"distance\":\"303 Y\",\"distanceLong\":\"303 YARDS\",\"ageRestrictions\":\"\",\"sexRestrictions\":\"\",\"wagers\":\"Win Place Exacta Quinella Trifecta Central Park\",\"country\":\"ENG\",\"carryover\":[],\"formattedPurse\":\"$0\",\"hasSilks\":false,\"displayRaceName\":\"\",\"displayRaceDescription\":\"\",\"surfaceConditionMap\":{},\"hasBrisPick\":false,\"currentRace\":false,\"hasExpertPick\":false},\n                {\"raceType\":\"\",\"purse\":\"0\",\"maxClaimPrice\":\"0\",\"grade\":\"\",\"raceNumber\":7,\"raceDate\":\"2025-10-27\",\"postTime\":\"2025-10-27T12:28:16-04:00\",\"postTimeStamp\":1761582496000,\"mtp\":0,\"status\":\"Closed\",\"distance\":\"537 Y\",\"distanceLong\":\"537 YARDS\",\"ageRestrictions\":\"\",\"sexRestrictions\":\"\",\"wagers\":\"Win Place Exacta Quinella Trifecta Central Park\",\"country\":\"ENG\",\"carryover\":[],\"formattedPurse\":\"$0\",\"hasSilks\":false,\"displayRaceName\":\"\",\"displayRaceDescription\":\"\",\"surfaceConditionMap\":{},\"hasBrisPick\":false,\"currentRace\":false,\"hasExpertPick\":false},\n                {\"raceType\":\"\",\"purse\":\"0\",\"maxClaimPrice\":\"0\",\"grade\":\"\",\"raceNumber\":8,\"raceDate\":\"2025-10-27\",\"postTime\":\"2025-10-27T12:47:20-04:00\",\"postTimeStamp\":1761583640000,\"mtp\":0,\"status\":\"Closed\",\"distance\":\"303 Y\",\"distanceLong\":\"303 YARDS\",\"ageRestrictions\":\"\",\"sexRestrictions\":\"\",\"wagers\":\"Win Place Exacta Quinella Trifecta Central Park\",\"country\":\"ENG\",\"carryover\":[],\"formattedPurse\":\"$0\",\"hasSilks\":false,\"displayRaceName\":\"\",\"displayRaceDescription\":\"\",\"surfaceConditionMap\":{},\"hasBrisPick\":false,\"currentRace\":false,\"hasExpertPick\":false},\n                {\"raceType\":\"\",\"purse\":\"0\",\"maxClaimPrice\":\"0\",\"grade\":\"\",\"raceNumber\":9,\"raceDate\":\"2025-10-27\",\"postTime\":\"2025-10-27T13:06:22-04:00\",\"postTimeStamp\":1761584782000,\"mtp\":0,\"status\":\"Closed\",\"distance\":\"303 Y\",\"distanceLong\":\"303 YARDS\",\"ageRestrictions\":\"\",\"sexRestrictions\":\"\",\"wagers\":\"Win Place Exacta Quinella Trifecta Central Park\",\"country\":\"ENG\",\"carryover\":[],\"formattedPurse\":\"$0\",\"hasSilks\":false,\"displayRaceName\":\"\",\"displayRaceDescription\":\"\",\"surfaceConditionMap\":{},\"hasBrisPick\":false,\"currentRace\":false,\"hasExpertPick\":false},\n                {\"raceType\":\"\",\"purse\":\"0\",\"maxClaimPrice\":\"0\",\"grade\":\"\",\"raceNumber\":10,\"raceDate\":\"2025-10-27\",\"postTime\":\"2025-10-27T13:23:59-04:00\",\"postTimeStamp\":1761585839000,\"mtp\":3,\"status\":\"Open\",\"distance\":\"537 Y\",\"distanceLong\":\"537 YARDS\",\"ageRestrictions\":\"\",\"sexRestrictions\":\"\",\"wagers\":\"Win Place Exacta Quinella Trifecta Central Park\",\"country\":\"ENG\",\"carryover\":[],\"formattedPurse\":\"$0\",\"hasSilks\":false,\"displayRaceName\":\"\",\"displayRaceDescription\":\"\",\"surfaceConditionMap\":{},\"hasBrisPick\":false,\"currentRace\":true,\"hasExpertPick\":false},\n                {\"raceType\":\"\",\"purse\":\"0\",\"maxClaimPrice\":\"0\",\"grade\":\"\",\"raceNumber\":11,\"raceDate\":\"2025-10-27\",\"postTime\":\"2025-10-27T13:43:00-04:00\",\"postTimeStamp\":1761586980000,\"mtp\":99,\"status\":\"Open\",\"distance\":\"303 Y\",\"distanceLong\":\"303 YARDS\",\"ageRestrictions\":\"\",\"sexRestrictions\":\"\",\"wagers\":\"Win Place Exacta Quinella Trifecta Central Park\",\"country\":\"ENG\",\"carryover\":[],\"formattedPurse\":\"$0\",\"hasSilks\":false,\"displayRaceName\":\"\",\"displayRaceDescription\":\"\",\"surfaceConditionMap\":{},\"hasBrisPick\":false,\"currentRace\":false,\"hasExpertPick\":false}\n            ]\n            ```\n        \"\"\"\n        self.logger.info(\"Fetching data for TwinSpires\")\n        # Placeholder: returning None as the actual implementation is pending.\n        return None\n\n    def _parse_races(self, raw_data: Any) -> List[Race]:\n        \"\"\"\n        TODO: Implement the logic to parse the JSON data from the Twinspires API.\n        \"\"\"\n        if not raw_data:\n            return []\n\n        # Placeholder: returning an empty list as the actual implementation is pending.\n        return []\n\n    def get_races(self, date: str) -> List[Race]:\n        \"\"\"\n        Orchestrates the fetching and parsing of race data for a given date.\n        This method will be called by the FortunaEngine.\n        \"\"\"\n        # This is a synchronous wrapper for the async orchestrator\n        # The actual implementation will use the async methods.\n        self.logger.info(f\"Getting races for {date} from {self.SOURCE_NAME}\")\n        return []\n"
}