{
    "file_path": "python_service/middleware/error_handler.py",
    "content": "# python_service/middleware/error_handler.py\n\nfrom fastapi import Request\nfrom fastapi.exceptions import RequestValidationError\nfrom fastapi.responses import JSONResponse\n\nfrom ..user_friendly_errors import ERROR_MAP\n\n\nclass UserFriendlyException(Exception):\n    def __init__(self, error_key: str, status_code: int = 500, details: str = None):\n        self.error_key = error_key\n        self.status_code = status_code\n        self.details = details\n        error_info = ERROR_MAP.get(error_key, ERROR_MAP[\"default\"])\n        self.message = error_info[\"message\"]\n        self.suggestion = error_info[\"suggestion\"]\n        super().__init__(self.message)\n\n\nasync def user_friendly_exception_handler(request: Request, exc: UserFriendlyException):\n    return JSONResponse(\n        status_code=exc.status_code,\n        content={\n            \"error\": {\n                \"message\": exc.message,\n                \"suggestion\": exc.suggestion,\n                \"details\": exc.details,\n            }\n        },\n    )\n\n\nasync def validation_exception_handler(request: Request, exc: RequestValidationError):\n    \"\"\"Convert Pydantic validation errors to user-friendly messages.\"\"\"\n    return JSONResponse(\n        status_code=422,\n        content={\n            \"detail\": \"Invalid request parameters\",\n            \"errors\": [\n                {\n                    \"field\": error[\"loc\"][-1] if error[\"loc\"] else \"unknown\",\n                    \"message\": error[\"msg\"],\n                    \"type\": error[\"type\"],\n                }\n                for error in exc.errors()\n            ],\n        },\n    )\n"
}