{
    "file_path": "web_platform/frontend/package.json",
    "content": "{\n  \"name\": \"frontend\",\n  \"version\": \"0.1.0\",\n  \"private\": true,\n  \"scripts\": {\n    \"dev\": \"next dev\",\n    \"build\": \"next build\",\n    \"start\": \"next start\"\n  },\n  \"dependencies\": {\n    \"@tanstack/react-query\": \"^5.28.9\",\n    \"file-saver\": \"^2.0.5\",\n    \"lucide-react\": \"^0.548.0\",\n    \"next\": \"^14.2.33\",\n    \"react\": \"^18\",\n    \"react-dom\": \"^18\",\n    \"socket.io-client\": \"^4.7.4\",\n    \"xlsx\": \"https://cdn.sheetjs.com/xlsx-0.20.3/xlsx-0.20.3.tgz\"\n  },\n  \"devDependencies\": {\n    \"@types/node\": \"^20\",\n    \"@types/react\": \"^18\",\n    \"@types/react-dom\": \"^18\",\n    \"autoprefixer\": \"^10.0.1\",\n    \"file-saver\": \"^2.0.5\",\n    \"next-pwa\": \"^5.6.0\",\n    \"postcss\": \"^8\",\n    \"tailwindcss\": \"^3.3.0\",\n    \"typescript\": \"^5\"\n  }\n}\n"
}